"model","prompt","name","type","file_id"
"characonsist","technoledge_2","A charming nature illustration of A robotic rabbit with fluffy ears delivering flowers in a botanical garden.jpg","image","1gAlCREYpwIbB0f5t5rV83dlmxEIvEAoo"
"characonsist","technoledge_2","A charming nature illustration of A robotic rabbit with fluffy ears entertaining children in a playroom.jpg","image","1PNkVm9YOWHeZXXmnA7ZeBeqgXon2FISE"
"characonsist","technoledge_2","A charming nature illustration of A robotic rabbit with fluffy ears navigating offices delivering documents.jpg","image","1Tlhtqw8PtDVVGajNHDWO2-bMYAE5jVRT"
"characonsist","technoledge_2","A charming nature illustration of A robotic rabbit with fluffy ears assisting farmers in crop monitoring.jpg","image","1-aT7WuqEa2mht6WSaVHUGrTL0k0m84to"
"characonsist","technoledge_2","A charming nature illustration of A robotic rabbit with fluffy ears exploring urban parks with its owner.jpg","image","1nIjSDkOBHCHC_2QP6X_0GAWDJ_mNCXGg"
"characonsist","technoledge_0","A futuristic urban illustration of A robotic dog with sleek metallic limbs delivering items in a city.jpg","image","1iiki9udSOQGubjjzOvRYGaE6K7Twr3Pw"
"characonsist","technoledge_0","A futuristic urban illustration of A robotic dog with sleek metallic limbs guiding visually impaired people.jpg","image","1ds4qSGS1AcxZeCDlhL1MAOhstZSym0Cl"
"characonsist","technoledge_0","A futuristic urban illustration of A robotic dog with sleek metallic limbs playing fetch in a park.jpg","image","1DMkaWuS9E2GUQjRPU4twC5n-cFLZHuyt"
"characonsist","technoledge_0","A futuristic urban illustration of A robotic dog with sleek metallic limbs assisting in search-and-rescue missions.jpg","image","1Jkw6cZvF19JgqAZCLTUd7R3nf16l-H7a"
"characonsist","technoledge_0","A futuristic urban illustration of A robotic dog with sleek metallic limbs patrolling a secure facility.jpg","image","1mHkwSxuGGzunbxEpuf8O5DNunhGk7LZr"
"characonsist","humans_14","A pixel art depiction of An elderly gentleman with distinguished gray hair, a neatly trimmed mustache, and gentle blue eyes tending to a garden.jpg","image","1395GTArSDboaU_4cmMyr5bDk7ketnXvc"
"characonsist","humans_14","A pixel art depiction of An elderly gentleman with distinguished gray hair, a neatly trimmed mustache, and gentle blue eyes on a mountain.jpg","image","18FpdhQzZPi9JYzakeQO2jQO7JtxYkkhh"
"characonsist","humans_14","A pixel art depiction of An elderly gentleman with distinguished gray hair, a neatly trimmed mustache, and gentle blue eyes enjoying a sunset.jpg","image","19aI2Pz31jDOhsfXIOfEmxXMMvYcyqX5u"
"characonsist","humans_14","A pixel art depiction of An elderly gentleman with distinguished gray hair, a neatly trimmed mustache, and gentle blue eyes wearing a vineyard owner's attire.jpg","image","1J4zO4HCuar08uxarPYkxy43GtR8taMq0"
"characonsist","humans_14","A pixel art depiction of An elderly gentleman with distinguished gray hair, a neatly trimmed mustache, and gentle blue eyes walking with a cane.jpg","image","1a5Vbc1kLVbmuBv-bcLBdamKe-0Bzk311"
"characonsist","humans_14","A pixel art depiction of An elderly gentleman with distinguished gray hair, a neatly trimmed mustache, and gentle blue eyes discussing art at a gallery.jpg","image","1FCCOmGKKDfhg2YA0P3FShTX_-ncQSEXQ"
"characonsist","humans_14","A pixel art depiction of An elderly gentleman with distinguished gray hair, a neatly trimmed mustache, and gentle blue eyes having a leisurely walk.jpg","image","1tPoMFr4ocu1wjYBRRTrGvP_FIl3iuB5j"
"characonsist","humans_14","A pixel art depiction of An elderly gentleman with distinguished gray hair, a neatly trimmed mustache, and gentle blue eyes at a vintage car show.jpg","image","1osM7tZ1OJ7z-HyVbhU1qle2q4uJhYmpE"
"characonsist","humans_14","A pixel art depiction of An elderly gentleman with distinguished gray hair, a neatly trimmed mustache, and gentle blue eyes on a golf course.jpg","image","1gWqvtwu74yNTvRD99vBPuROKQS11CKQN"
"characonsist","humans_14","A pixel art depiction of An elderly gentleman with distinguished gray hair, a neatly trimmed mustache, and gentle blue eyes in a classic study.jpg","image","13UbBeQ2unscpNJnTbLz2axIirSo6N_t9"
"characonsist","inanimate_6","A photo of A sticker of a colorful bird placed on a beach towel.jpg","image","1H1yQM8b8hIF9cXldO6nJKkWsg9PVFxJ9"
"characonsist","inanimate_6","A photo of A sticker of a colorful bird decorating a greeting card.jpg","image","1tQ43JixPL7wdqBVObfols0ZGl--fx2Fm"
"characonsist","inanimate_6","A photo of A sticker of a colorful bird on a decorative pillow.jpg","image","1vWfpgmR_JsqZjpML-03RQdwuJCs5Aowh"
"characonsist","inanimate_6","A photo of A sticker of a colorful bird perched on a window sill.jpg","image","1gWGm6CIqhlBIQsQP8ixOcT3XWOxdjW26"
"characonsist","inanimate_6","A photo of A sticker of a colorful bird stuck on a travel mug.jpg","image","14o0K7cyFLDtssyGZsUM7KdAeLHZeYiRK"
"characonsist","humans_9","A precise scene of An optometrist with a phoropter fitting eyeglasses for a client.jpg","image","1ssseItLhB0UC0D7_jTcjNNKOES9TLadg"
"characonsist","humans_9","A precise scene of An optometrist with a phoropter conducting an eye exam with a patient.jpg","image","1d138RG-T2PPL0a44DTevJ3CYvC7gI2qZ"
"characonsist","humans_9","A precise scene of An optometrist with a phoropter discussing eye health with a patient.jpg","image","1eoFIxMH59OEbx4NkuKcwBty7tmCC9zG6"
"characonsist","humans_9","A precise scene of An optometrist with a phoropter examining eye charts in a clinic.jpg","image","1aBaGMwv3yODxxjvuagcMvaT_F8LnNJsu"
"characonsist","humans_9","A precise scene of An optometrist with a phoropter testing vision with an automated device.jpg","image","1_X2s6CqCb7iP8vAR70cYOdtZ2gA2_Jb2"
"characonsist","nature_34","A detailed Art Nouveau illustration of A magnificent peacock with iridescent feathers displaying feathers fully.jpg","image","1zPgiVPq2TvtjubJRIIgXt65fieFIrxao"
"characonsist","nature_34","A detailed Art Nouveau illustration of A magnificent peacock with iridescent feathers strutting in a garden.jpg","image","1sfD11KBcapk2skIZ3xdQ8T1bQEr4M6bg"
"characonsist","nature_34","A detailed Art Nouveau illustration of A magnificent peacock with iridescent feathers amid blooming flowers.jpg","image","1Af0n8yOzuxbASXuHpUT8yNgqyKJVLUO-"
"characonsist","nature_34","A detailed Art Nouveau illustration of A magnificent peacock with iridescent feathers under a vine pergola.jpg","image","1IKbt8TyUK_GD2zJI4Qhf0NfPtv4AiqQl"
"characonsist","nature_34","A detailed Art Nouveau illustration of A magnificent peacock with iridescent feathers perched on a wall.jpg","image","11AJGx5ruPX4zClQCSH9dRSEKTTHTQeHo"
"characonsist","nature_34","A detailed Art Nouveau illustration of A magnificent peacock with iridescent feathers on an estate lawn.jpg","image","1PpEpSljbshlc_LGHrN9GQRA8rLERg9sa"
"characonsist","nature_34","A detailed Art Nouveau illustration of A magnificent peacock with iridescent feathers walking a garden path.jpg","image","1BjZK50wSquLbDg4FGm8IRMBKB5kM7bsD"
"characonsist","humans_1","A professional scene of A lawyer in a suit reviewing legal documents.jpg","image","1RJf1e_G4xsexU8RZ-5WDc4IOnNjz1Hj0"
"characonsist","humans_1","A professional scene of A lawyer in a suit negotiating a contract in an office.jpg","image","1f7HnV37UU44I7uRJN8d6T9mNmjW2yuO0"
"characonsist","humans_1","A professional scene of A lawyer in a suit defending a client in court.jpg","image","14j_BbcfHTPZQBCmR3Ny4EsJ-vlY4za0C"
"characonsist","humans_1","A professional scene of A lawyer in a suit preparing for a trial.jpg","image","1Oo0KHS-Pr-ljUGYV8FBttAO4RAWJLI2A"
"characonsist","humans_1","A professional scene of A lawyer in a suit advising clients on legal matters.jpg","image","1kjHT4S0hopT4FJM4wD6xvj4KEfCwX1DS"
"characonsist","humans_20","A pixel art depiction of a 16 years old girl with wavy chestnut hair, a slender frame, and soft brown eyes building a sandcastle.jpg","image","1_uMNflk3gfXAt5OF32fFBxZeYtX_ISOJ"
"characonsist","humans_20","A pixel art depiction of a 16 years old girl with wavy chestnut hair, a slender frame, and soft brown eyes practicing yoga.jpg","image","1HCH-mGe4OxAOL_-Db49e9yTGJa0RX_GO"
"characonsist","humans_20","A pixel art depiction of a 16 years old girl with wavy chestnut hair, a slender frame, and soft brown eyes dancing in a rainstorm.jpg","image","1BOIiZ04jXJxS9ifmI4ApxPOL_4n1wZR8"
"characonsist","humans_20","A pixel art depiction of a 16 years old girl with wavy chestnut hair, a slender frame, and soft brown eyes wearing a ballet dress.jpg","image","1ufPWuXAlR_2DE2EqiXTmUN_STutjBSpN"
"characonsist","humans_20","A pixel art depiction of a 16 years old girl with wavy chestnut hair, a slender frame, and soft brown eyes in a medieval castle courtyard.jpg","image","1j0QTq7jK_jsAyNMhY7yNNBWJWF4kOfpM"
"characonsist","humans_20","A pixel art depiction of a 16 years old girl with wavy chestnut hair, a slender frame, and soft brown eyes wearing a birthday party hat.jpg","image","1cnIkMheyGXvvG8ZTbPeVcgA01XYUVDjk"
"characonsist","humans_20","A pixel art depiction of a 16 years old girl with wavy chestnut hair, a slender frame, and soft brown eyes writing in a journal.jpg","image","1y4GD2EoB3Bdt7z9-7p6lDgmRykmYK6F_"
"characonsist","humans_20","A pixel art depiction of a 16 years old girl with wavy chestnut hair, a slender frame, and soft brown eyes in a flower garden.jpg","image","1MSmGE7_mb6GLZYOBFGgLoaksTn4KupG5"
"characonsist","foods_12","A whimsical illustration of An indulgent ice cream sundae with chocolate syrup, whipped cream, and a cherry on top paired with a brownie.jpg","image","1u8hHQY_JA0PasfgwiqKkysUmPZiq7Ouu"
"characonsist","foods_12","A whimsical illustration of An indulgent ice cream sundae with chocolate syrup, whipped cream, and a cherry on top highlighted in a dessert cookbook.jpg","image","1_wNk_lCVsqtFSw0LAc1DqfoGL36OM6ZO"
"characonsist","foods_12","A whimsical illustration of An indulgent ice cream sundae with chocolate syrup, whipped cream, and a cherry on top displayed in a colorful bowl.jpg","image","134UzNUmDiQXR7CuJYuFcwg_OH-4pnwPH"
"characonsist","foods_12","A whimsical illustration of An indulgent ice cream sundae with chocolate syrup, whipped cream, and a cherry on top enjoyed during a summer fair.jpg","image","1fkjcu31pds2WYX04k3Lc3C9H6qPfxbej"
"characonsist","foods_12","A whimsical illustration of An indulgent ice cream sundae with chocolate syrup, whipped cream, and a cherry on top prepared for a special treat.jpg","image","1HcVFEm6qkibPaln1ot2PIS3eWskReQ29"
"characonsist","foods_12","A whimsical illustration of An indulgent ice cream sundae with chocolate syrup, whipped cream, and a cherry on top served at a vintage ice cream parlor.jpg","image","1pQl-kz3cQH0Mqa2a3sxS6HbtP0T3vcju"
"characonsist","foods_12","A whimsical illustration of An indulgent ice cream sundae with chocolate syrup, whipped cream, and a cherry on top featured in a children's party.jpg","image","1B5UFjMGkqnReTa_dQITgFt1kf97Lz4MN"
"characonsist","fantasy_7","A regal and elegant illustration of An elf queen with a jeweled crown sitting on a crystal throne.jpg","image","1Z9ldy2osKHObDaqi6hELzwblfQetHhto"
"characonsist","fantasy_7","A regal and elegant illustration of An elf queen with a jeweled crown walking through a mystical forest.jpg","image","11JkZMv9j9H9O7-2Svn8grmbwBQLxNl6_"
"characonsist","fantasy_7","A regal and elegant illustration of An elf queen with a jeweled crown leading her people into battle.jpg","image","1Hd2cYsgNi6CmVHKtWck9pVh3BuVZQ98L"
"characonsist","fantasy_7","A regal and elegant illustration of An elf queen with a jeweled crown speaking with ancient spirits.jpg","image","1P7M6ZvmTGHtNys3pi5zhKMVSf5k0K635"
"characonsist","fantasy_7","A regal and elegant illustration of An elf queen with a jeweled crown overseeing the elven kingdom.jpg","image","1iS1x5TW4ctUkAqSASkZrMW_YMitm6Dt2"
"characonsist","fantasy_2","A dreamy underwater illustration of A beautiful mermaid with a shimmering tail combing her hair with a shell.jpg","image","1M-9pkZWbUM09iDN-HbCzvo_afjxYBjTD"
"characonsist","fantasy_2","A dreamy underwater illustration of A beautiful mermaid with a shimmering tail swimming in a coral reef.jpg","image","1dlvx3_j8eYjugxHR9fNayBslNm1U-y_3"
"characonsist","fantasy_2","A dreamy underwater illustration of A beautiful mermaid with a shimmering tail singing in an underwater cave.jpg","image","15IKKLd6vAAhigdFOCsFCe_uduglqY9OP"
"characonsist","fantasy_2","A dreamy underwater illustration of A beautiful mermaid with a shimmering tail playing with colorful fish.jpg","image","1PrnmwTBeVW-5RGY0Q-GqVb1YpgWDj3zO"
"characonsist","fantasy_2","A dreamy underwater illustration of A beautiful mermaid with a shimmering tail basking on a sunlit rock.jpg","image","1LbWcawkTtoMXpjyvJjUwC-gAJs_r2_y4"
"characonsist","fantasy_4","A terrifying and wild illustration of A werewolf with glowing yellow eyes transforming in the light of the moon.jpg","image","1jkNJpb8lFVoO01CI-e5nRaLfH424y2HR"
"characonsist","fantasy_4","A terrifying and wild illustration of A werewolf with glowing yellow eyes running on all fours under a starry sky.jpg","image","1jdDKtRjFTWFTkCTZembgAVqBa6c-T1T0"
"characonsist","fantasy_4","A terrifying and wild illustration of A werewolf with glowing yellow eyes hunting in the dark woods.jpg","image","1cTPTt9nKVTxbVgSSrJkD-DoNUIC_uFAN"
"characonsist","fantasy_4","A terrifying and wild illustration of A werewolf with glowing yellow eyes prowling through a misty forest.jpg","image","1iTuBb3-FuKzJJycT5-SQ1SR_Kvxq0aOS"
"characonsist","fantasy_4","A terrifying and wild illustration of A werewolf with glowing yellow eyes howling at the full moon.jpg","image","1n0KrwR1pugCyycuIef5Qmvo_gJSbcNlh"
"characonsist","fairy_tales_38","A cozy illustration of A friendly gnome sitting on a mushroom with a pipe.jpg","image","1Un5wVCIZPgaY0995YoxpyJkJcqDAphWQ"
"characonsist","fairy_tales_38","A cozy illustration of A friendly gnome creating magical trinkets for travelers.jpg","image","12H6RS7Q55vNdZTHzMDC_TZ0RdsqADYZW"
"characonsist","fairy_tales_38","A cozy illustration of A friendly gnome guarding the entrance to a secret cave.jpg","image","1MP88_V1_mWdtk9IIYG7BSVxk_CNc9ElZ"
"characonsist","fairy_tales_38","A cozy illustration of A friendly gnome working in a lush garden.jpg","image","1Wktr-f2AnB2Vo8irKzCfon76bZPyay40"
"characonsist","fairy_tales_38","A cozy illustration of A friendly gnome tinkering in an underground workshop.jpg","image","1JXOV1Ykh_OQdOCTJzdK-a5DM4Ktzh42L"
"characonsist","fantasy_11","A captivating fantasy portrait of A powerful sorceress in elegant robes conjuring a glowing orb.jpg","image","1UT8EvIAFvGkUTFZArSPsuKLMqKGunMTW"
"characonsist","fantasy_11","A captivating fantasy portrait of A powerful sorceress in elegant robes chanting in a stone circle.jpg","image","1SapiAt_cIzqSomf7PCcJaU6jQqYfruGw"
"characonsist","fantasy_11","A captivating fantasy portrait of A powerful sorceress in elegant robes reading from an ancient tome.jpg","image","1ur8z5FjIoSwTZN5tmq85VEh4nqZot1Al"
"characonsist","fantasy_11","A captivating fantasy portrait of A powerful sorceress in elegant robes standing by a bubbling cauldron.jpg","image","1hOZvOzzbv1wsOuMhgntDklACPEVGEkYD"
"characonsist","fantasy_11","A captivating fantasy portrait of A powerful sorceress in elegant robes surrounded by enchanted flames.jpg","image","1oX6zm_WTPK-85rNOEhbU0l3TTzl_OhMI"
"characonsist","fantasy_14","A watercolor illustration of A fairy near a shimmering brook.jpg","image","1_PBvukXQeTtqH2End0XfWFJbd0eCixkB"
"characonsist","fantasy_14","A watercolor illustration of A fairy in an enchanted forest.jpg","image","1pRMMPy6EcaSNcqf87ozUHBLhkv0lgCzf"
"characonsist","fantasy_14","A watercolor illustration of A fairy sitting on a mushroom.jpg","image","1TvsbfOD6_EeFCzFvjJ9kubWevybk_MA8"
"characonsist","fantasy_14","A watercolor illustration of A fairy wearing gossamer wings.jpg","image","1lhRNkTqqqSZMaMGqLJ5eyNmea3PoHAG_"
"characonsist","fantasy_14","A watercolor illustration of A fairy frolicking in the air.jpg","image","1baIIPVcbcFJ2spATHZtgGge_6Ols0mNr"
"characonsist","fantasy_14","A watercolor illustration of A fairy wearing a crown of twigs.jpg","image","1gHlZv8zptfLBHsTywh65g6mVhW0jnAk8"
"characonsist","fantasy_14","A watercolor illustration of A fairy dancing in moonlight.jpg","image","1JsPm02pK4nyindT9f8zne9lAgK_qlsmn"
"characonsist","fantasy_13","A dark and menacing depiction of A hulking troll with a fearsome appearance clutching a massive club.jpg","image","1SEhnKwYzKL6IfrtDV96WfHiJuZQ-dEGQ"
"characonsist","fantasy_13","A dark and menacing depiction of A hulking troll with a fearsome appearance growling in the moonlight.jpg","image","1SCqQtfFaWwBp1AstjyDDr30gK91psfJM"
"characonsist","fantasy_13","A dark and menacing depiction of A hulking troll with a fearsome appearance chasing intruders from a cave.jpg","image","1Gm9Y_GrSlg1hCOXc0toP2KAZszI_WqRx"
"characonsist","fantasy_13","A dark and menacing depiction of A hulking troll with a fearsome appearance sitting on a mossy boulder.jpg","image","1MWia9MrOAKI2LeGijI09xEYKoKZ3RR1d"
"characonsist","fantasy_13","A dark and menacing depiction of A hulking troll with a fearsome appearance guarding a bridge in the woods.jpg","image","1svY7CbntgqtGdq1HynEJ2QJ00TASb0V-"
"characonsist","fairy_tales_30","A peaceful sketch of A playful faun sitting by a fire telling stories.jpg","image","1FCOn1wJ5cVS6AbGl5yhOHbdOhC6Q1QOf"
"characonsist","fairy_tales_30","A peaceful sketch of A playful faun leading a procession of woodland creatures.jpg","image","183dOjlRm3-kD0Ns9pkaLgakr9umwSaKS"
"characonsist","fairy_tales_30","A peaceful sketch of A playful faun dancing in a circle of mushrooms.jpg","image","1L8r0jlc6FIJNFGkeBR9QttGfy3pJrhTV"
"characonsist","fairy_tales_30","A peaceful sketch of A playful faun playing a flute by a bubbling stream.jpg","image","1My1usKVQETh3afh3kEKq1bizZDlpUoDs"
"characonsist","fairy_tales_30","A peaceful sketch of A playful faun guiding travelers through a magical forest.jpg","image","1x7JkqqLpLeGazmIUD7uoiAltMWqS8llr"
"characonsist","fantasy_1","A heroic nature illustration of A centaur with the body of a horse and the torso of a warrior sitting by a campfire at night.jpg","image","1LGNrNkkRWpwC8QgfQ6-lfiSWDAl70Yor"
"characonsist","fantasy_1","A heroic nature illustration of A centaur with the body of a horse and the torso of a warrior running through an open meadow.jpg","image","1z6eYf-gUQZxBFzAN2QFYW8jjuQkcQyhh"
"characonsist","fantasy_1","A heroic nature illustration of A centaur with the body of a horse and the torso of a warrior practicing swordsmanship in a field.jpg","image","161ZpY8ci0HrrAxAlo5sXIjNJQ-v9ZNI6"
"characonsist","fantasy_1","A heroic nature illustration of A centaur with the body of a horse and the torso of a warrior playing a tune on a flute.jpg","image","12P19ck1uca_DYXiLsbQe4oiSSg2N6HXO"
"characonsist","fantasy_1","A heroic nature illustration of A centaur with the body of a horse and the torso of a warrior galloping through a forest trail.jpg","image","1EqZVvRcPTtUaoGlUZQ4Tpl3wYqCOmxm_"
"characonsist","fairy_tales_19","A mysterious painting of A cunning witch with a pointy hat watching over a bubbling potion in a misty cave.jpg","image","11Pb_tQB1RAOlRscO5OACfpgUb9ZQa8bk"
"characonsist","fairy_tales_19","A mysterious painting of A cunning witch with a pointy hat brewing a potion in a bubbling cauldron.jpg","image","1mD8KRhKS6_3Box0R7k-SDEpMXXyeXg1i"
"characonsist","fairy_tales_19","A mysterious painting of A cunning witch with a pointy hat in a shadowy glade surrounded by glowing eyes.jpg","image","1qv5_syz7S9zTHPLymh3zQ952QKKRC_7t"
"characonsist","fairy_tales_19","A mysterious painting of A cunning witch with a pointy hat consulting an ancient grimoire by candlelight.jpg","image","1DgnM9A2jCgvi-7HNUOKz7uBRiUbhAItR"
"characonsist","fairy_tales_19","A mysterious painting of A cunning witch with a pointy hat flying on a broomstick under a full moon.jpg","image","1CntJPKdeQYbw1x4x7Ur0VQFyr9cz7xsV"
"characonsist","fairy_tales_19","A mysterious painting of A cunning witch with a pointy hat preparing charms in a cluttered cottage.jpg","image","1qiU9oy0puiWVTSl5apnZ6Q7Z-F-s_Y28"
"characonsist","fairy_tales_19","A mysterious painting of A cunning witch with a pointy hat casting a spell in a dark, enchanted forest.jpg","image","16Otlbp49MoSDd37kdRdxX1WE3gJLfTUX"
"characonsist","fairy_tales_17","A robust painting of A sturdy dwarf with a thick beard climbing a steep mountain path.jpg","image","1vLWIcEF_ichU1nAtdlKiPuTBPXO6oDgY"
"characonsist","fairy_tales_17","A robust painting of A sturdy dwarf with a thick beard resting by a roaring fireplace.jpg","image","1o43idUMlEiRza-1O6F_aEIqNQZClZPkS"
"characonsist","fairy_tales_17","A robust painting of A sturdy dwarf with a thick beard gathering herbs in a forest clearing.jpg","image","1M9nFsLfDEy1qNQtCoRLuBzkyEbwkhdv9"
"characonsist","fairy_tales_17","A robust painting of A sturdy dwarf with a thick beard exploring a network of underground tunnels.jpg","image","1Hqcu3yHw_E4wM_BpmQCNWt5SiijzA58j"
"characonsist","fairy_tales_17","A robust painting of A sturdy dwarf with a thick beard mining for gems in a glittering cave.jpg","image","1n26cdwtTovmF_V64Ur92mptCq2YFzs-O"
"characonsist","fairy_tales_17","A robust painting of A sturdy dwarf with a thick beard carving runes into stone tablets.jpg","image","1Q4UaOlkstbiKgpbBrlV5ROqvKTYayZ4m"
"characonsist","fairy_tales_17","A robust painting of A sturdy dwarf with a thick beard crafting weapons at a forge.jpg","image","16qc97O3ahB8zVtfqthanmhuZKcptcGed"
"characonsist","fairy_tales_17","A robust painting of A sturdy dwarf with a thick beard drinking ale in a bustling tavern.jpg","image","1LVSQNLCx-L9Ut9pOG1Vsq89uScocarbD"
"characonsist","fairy_tales_12","A majestic painting of A majestic griffin with golden feathers soaring over a sprawling desert.jpg","image","1QhdNsJZM6i7joXh2UgpL_J2BsZXg3s9a"
"characonsist","fairy_tales_12","A majestic painting of A majestic griffin with golden feathers gliding through the clouds in a clear sky.jpg","image","1NE-cSDhijyKd-7Hwkebmpt57B5YqRN0D"
"characonsist","fairy_tales_12","A majestic painting of A majestic griffin with golden feathers resting on a rocky outcrop at sunset.jpg","image","1hy_ePMI7qUmt5gK-BUmO7yA2bfOxe4lt"
"characonsist","fairy_tales_12","A majestic painting of A majestic griffin with golden feathers perched on a high cliff watching the horizon.jpg","image","1EV75WtwDc5Aa5iPoHNxIDimjHLqRLUCl"
"characonsist","fairy_tales_12","A majestic painting of A majestic griffin with golden feathers flying above a lush green valley.jpg","image","1SLSJgcf63ddaIrR-xd4199SNLqQOnz8c"
"characonsist","fairy_tales_12","A majestic painting of A majestic griffin with golden feathers standing guard over a hidden treasure.jpg","image","1-Jui8n1M9ABKVS8C4Lb6TXsMg5g-eqi1"
"characonsist","fairy_tales_12","A majestic painting of A majestic griffin with golden feathers hunting in a dense forest.jpg","image","1PvknVA0lCTr3PeMY7vUMnlOMO-8XK1F-"
"characonsist","fairy_tales_11","A mystical illustration of A wise wizard with a long, flowing beard in a tower filled with ancient tomes and artifacts.jpg","image","1PvM8q8nXZfgNyx4SCxxib5NOlQwL9rM4"
"characonsist","fairy_tales_11","A mystical illustration of A wise wizard with a long, flowing beard summoning a storm over a mountain peak.jpg","image","1iXY8lmutV4_XiOpBDGkZfbx1Vc1zHXOh"
"characonsist","fairy_tales_11","A mystical illustration of A wise wizard with a long, flowing beard standing before a magical portal in the forest.jpg","image","1j3QDHrmR5IqzbHHR3_R6UAv9RWmvV5c2"
"characonsist","fairy_tales_11","A mystical illustration of A wise wizard with a long, flowing beard casting a spell by the light of a full moon.jpg","image","1_GcY30uEiW53TCv4AdxuY8VtGc6JYMTl"
"characonsist","fairy_tales_11","A mystical illustration of A wise wizard with a long, flowing beard writing runes in a dusty spellbook.jpg","image","1_LZnP2nvcVpsAjHLxfafJCbQCnqCWXZh"
"characonsist","fairy_tales_11","A mystical illustration of A wise wizard with a long, flowing beard consulting a crystal ball.jpg","image","18mGYTa_Hodz_8TzP6xySsWRdixf2L8np"
"characonsist","fairy_tales_11","A mystical illustration of A wise wizard with a long, flowing beard mixing potions in a dimly lit chamber.jpg","image","1LqXc9_6dKy5fOWiqPQVCCckTxkg0TShp"
"characonsist","fairy_tales_1","A dreamy illustration of A beautiful princess with a kind smile seeking wisdom from an old magical mirror.jpg","image","13hKzDWC8TVgCUpvbSrRAx6CY-xyMBe-k"
"characonsist","fairy_tales_1","A dreamy illustration of A beautiful princess with a kind smile gazing at the stars from a castle balcony.jpg","image","1mMvNLOF5tylzKhD70ANVHKxdmr3I_1FK"
"characonsist","fairy_tales_1","A dreamy illustration of A beautiful princess with a kind smile walking in a garden of enchanted roses.jpg","image","1pKqLkQ5lhW-_qoyh_0sYBRhIJK8v0htI"
"characonsist","fairy_tales_1","A dreamy illustration of A beautiful princess with a kind smile wearing a shimmering gown at a royal ball.jpg","image","1rI5TbrZnJztw7V0-8vel6fhu9Wn6bdRC"
"characonsist","fairy_tales_1","A dreamy illustration of A beautiful princess with a kind smile singing to woodland animals in a forest.jpg","image","15oq8j9h5fq45RgGQFrmZjuXQ5SgkrFB4"
"characonsist","animals_9","A 3D animation of A black and white dog with yellow collar wearing a bandana.jpg","image","1HFblci-XKkdzZBxgM87Da8jxE_vfnSpj"
"characonsist","animals_9","A 3D animation of A black and white dog with yellow collar at a veterinarian's office.jpg","image","1Na-8H6BoOyyaA1NJMnKnrnun_MhuXbTG"
"characonsist","animals_9","A 3D animation of A black and white dog with yellow collar playing with a toy.jpg","image","1CqbSzOqcoK5688RS0ZU1uFml4W_jRh8u"
"characonsist","animals_9","A 3D animation of A black and white dog with yellow collar on a beach.jpg","image","19kcdmEFtUtdw23hi_y-nfa4wcdSUuA2I"
"characonsist","animals_9","A 3D animation of A black and white dog with yellow collar barking at a squirrel.jpg","image","1afHdP3o_iWyZJuyDw65v2A7Kv_a_VmVA"
"characonsist","animals_9","A 3D animation of A black and white dog with yellow collar in a snowy backyard.jpg","image","1B39LpuVCIOyFyw0hXBiDsfLIQnIiXuRF"
"characonsist","animals_9","A 3D animation of A black and white dog with yellow collar in a city alley.jpg","image","1IF56FIwcFn3UjJCwoYnXcstWugR0wUPo"
"characonsist","animals_7","A hyper-realistic digital painting of A dog running on a beach.jpg","image","1KkP32EseEuuOOlgknN4eTjYL-X_M4RS8"
"characonsist","animals_7","A hyper-realistic digital painting of A dog at a veterinarian's office.jpg","image","1sf4sHPftNc93D3UjgYl2koLQQ3DSwiJR"
"characonsist","animals_7","A hyper-realistic digital painting of A dog jumping over a puddle.jpg","image","1O6su5yroKZXXe-VZfEqQ4ZSl-FOMGWm3"
"characonsist","animals_7","A hyper-realistic digital painting of A dog sleeping on a couch.jpg","image","10DaxXLlaQBK61Lj59uKDwHBmQsZWo7BM"
"characonsist","animals_7","A hyper-realistic digital painting of A dog in a city alley.jpg","image","13PJmK2e2FVcY3m5A0e9qxmuEhnUN2wzk"
"characonsist","animals_7","A hyper-realistic digital painting of A dog chasing a frisbee.jpg","image","1oFANR_v5BdkRUGQPm6sgOJDicdLjf5QC"
"characonsist","animals_7","A hyper-realistic digital painting of A dog dressed in a raincoat.jpg","image","1VFdUB2S7y8caDkYxQifEMfFIBeAjG5tK"
"characonsist","animals_7","A hyper-realistic digital painting of A dog playing in a park.jpg","image","13vGw_0g_LW9B_aneGFAkuiqrbwOiq2O8"
"characonsist","animals_14","A puppy dressed in a bandana.jpg","image","1EXCCCnf_SWdtVaIefHHVzNGJfxYtN8pj"
"characonsist","animals_14","A puppy in a pet store.jpg","image","1kvCtGy0X0mYGaijSCY1y1UguZpupLL3H"
"characonsist","animals_14","A puppy wearing a life vest.jpg","image","1eR9UZYayR-Tm_cIUV9sirOxaiMO1irKx"
"characonsist","animals_14","A puppy in a grassy yard.jpg","image","15HCqRcPn_WwnO-qtoqeLAiDjeqB4KQho"
"characonsist","animals_14","A puppy wearing a training harness.jpg","image","1n3auuclu5EXYuGuvyoNG7_RJlvQvaNnV"
"characonsist","fairy_tales_0","A magical drawing of A delicate fairy with sparkling wings weaving spells under an ancient tree.jpg","image","1VNNkrteNhbC6TtMU0AYDEPQ4uv2vbCox"
"characonsist","fairy_tales_0","A magical drawing of A delicate fairy with sparkling wings hiding inside a blooming flower.jpg","image","1IpFL9fHpBV24oOdwUuSKB7dYFJUzLGY0"
"characonsist","fairy_tales_0","A magical drawing of A delicate fairy with sparkling wings guiding travelers with a magical lantern.jpg","image","1IVh-XzQPD4k-3z53C2uMV4Us2mlAD94q"
"characonsist","fairy_tales_0","A magical drawing of A delicate fairy with sparkling wings sprinkling pixie dust in the air.jpg","image","1YFxY1w693kj1jxrerBvoAXhuy9dogAbL"
"characonsist","fairy_tales_0","A magical drawing of A delicate fairy with sparkling wings fluttering among glowing fireflies.jpg","image","1SCidube9-hDnjDQ9eiJupwgKaPM-pyQV"
"characonsist","animals_13","A watercolor illustration of A cute kitten with sleek, cream-colored fur and striking blue eyes wearing a collar with a bell.jpg","image","1_yT5abVaYyNzCBmFjQeY7ogKAjIGcRJO"
"characonsist","animals_13","A watercolor illustration of A cute kitten with sleek, cream-colored fur and striking blue eyes sitting in a basket.jpg","image","1JUlmGbvanSRjd5ByMAMmPnWUsJNE03Z_"
"characonsist","animals_13","A watercolor illustration of A cute kitten with sleek, cream-colored fur and striking blue eyes running through a field.jpg","image","1Zh8UiSFedPirdiKPtwobkN2VjHXPsB8M"
"characonsist","animals_13","A watercolor illustration of A cute kitten with sleek, cream-colored fur and striking blue eyes playing with a toy.jpg","image","1hR_Zui2aGpwdOBGBp30MWL5UAo4vsepf"
"characonsist","animals_13","A watercolor illustration of A cute kitten with sleek, cream-colored fur and striking blue eyes dressed in a superhero cape.jpg","image","1O9-SaTRAUk7-2rnIrQsvhJMss58pMn1X"
"characonsist","animals_13","A watercolor illustration of A cute kitten with sleek, cream-colored fur and striking blue eyes dressed in a cute sweater.jpg","image","1rnooDfltTAx_P6FrkVuEU-jr8b6ZIAa9"
"characonsist","animals_13","A watercolor illustration of A cute kitten with sleek, cream-colored fur and striking blue eyes in a garden.jpg","image","1C9HfgS8TLWSJNIi7Y0ZTzLhByTAO-1xM"
"characonsist","fairy_tales_10","A whimsical painting of A delicate fairy with translucent wings hiding in the hollow of an ancient tree.jpg","image","1PUg-7_Hf3WMZuOnFc2suhEwifyFXnwVz"
"characonsist","fairy_tales_10","A whimsical painting of A delicate fairy with translucent wings dancing on the petals of a giant flower.jpg","image","1XU9rmEqszCWN7dOyr7r56nEqR1ugDi-Y"
"characonsist","fairy_tales_10","A whimsical painting of A delicate fairy with translucent wings weaving through a field of wildflowers.jpg","image","13P6PgAuytffvJjZm3jb7_YNYF4eoeKNo"
"characonsist","fairy_tales_10","A whimsical painting of A delicate fairy with translucent wings spreading fairy dust over a sleeping village.jpg","image","1tnZ8il3tW0fK1cHZi8aFx2V2LeYy_ZnZ"
"characonsist","fairy_tales_10","A whimsical painting of A delicate fairy with translucent wings hovering over a moonlit pond.jpg","image","1RtydsO-OZIX7R4-Gs0q8mlqu9Z_1awxC"
"characonsist","fairy_tales_10","A whimsical painting of A delicate fairy with translucent wings sitting on a mushroom in a magical forest.jpg","image","1c4DojNKmHKvtg8CAqTuYKVGCDfp_WxFj"
"characonsist","fairy_tales_10","A whimsical painting of A delicate fairy with translucent wings playing with fireflies at dusk.jpg","image","1MEj68nypnzSivAiSTGphAz3Pl-3nwjLq"
"characonsist","animals_0","A fiery and majestic illustration of A phoenix with bright orange feathers igniting flames with its wings.jpg","image","1_MG4NsnoMDGU77TFVwlS_-5m1PqYEKZo"
"characonsist","animals_0","A fiery and majestic illustration of A phoenix with bright orange feathers singing a haunting melody.jpg","image","11HhPup2uOJub99RVWvIc9BklBWL3Qf2H"
"characonsist","animals_0","A fiery and majestic illustration of A phoenix with bright orange feathers soaring through a glowing sky.jpg","image","1xCWHICTCNN2bfCmFL7t9Ks-Fs9WDxIOh"
"characonsist","animals_0","A fiery and majestic illustration of A phoenix with bright orange feathers perching on a mountain peak.jpg","image","1kV0bVstUNyTDGDlU6x3ijdzm0dsFEaq3"
"characonsist","animals_0","A fiery and majestic illustration of A phoenix with bright orange feathers rising from a fiery ashes.jpg","image","1s6pGsvDZKLcq7SwZIi03xHdfZMMxU3Bc"
"flux_best","technoledge_0","A futuristic urban illustration of A robotic dog with sleek metallic limbs playing fetch in a park.jpg","image","1B0UKYi2mZ7LSXVwupE4iQ8We1CdtTr59"
"flux_best","technoledge_0","A futuristic urban illustration of A robotic dog with sleek metallic limbs assisting in search-and-rescue missions.jpg","image","1y7KVQ4luFS9PlY-_yQ1h6ozGTVFOW4zE"
"flux_best","technoledge_0","A futuristic urban illustration of A robotic dog with sleek metallic limbs delivering items in a city.jpg","image","1s5pECLROQiKZw2IFYY07-Uqywu0G-JV6"
"flux_best","technoledge_0","A futuristic urban illustration of A robotic dog with sleek metallic limbs guiding visually impaired people.jpg","image","1TIs-WEqlwmMyxYMfKZAmA-B-jM3O6vvL"
"flux_best","technoledge_0","A futuristic urban illustration of A robotic dog with sleek metallic limbs patrolling a secure facility.jpg","image","14fgvL7J5VyF7ran23sN9fHGlu10s1gIQ"
"flux_best","technoledge_2","A charming nature illustration of A robotic rabbit with fluffy ears navigating offices delivering documents.jpg","image","1NXR0z7zMdHiwndf1yIYNt0Ws2nsNoh3D"
"flux_best","technoledge_2","A charming nature illustration of A robotic rabbit with fluffy ears exploring urban parks with its owner.jpg","image","1FP51_XNhhEZO36ul47XkCCiaVcbwn7qb"
"flux_best","technoledge_2","A charming nature illustration of A robotic rabbit with fluffy ears delivering flowers in a botanical garden.jpg","image","1T0kiIWnP-vajcDL6SEJ_nt1ellcF6amh"
"flux_best","technoledge_2","A charming nature illustration of A robotic rabbit with fluffy ears assisting farmers in crop monitoring.jpg","image","1ojNo5FLrf2Fa2IsR-bLjy0QTqeaBMz6V"
"flux_best","technoledge_2","A charming nature illustration of A robotic rabbit with fluffy ears entertaining children in a playroom.jpg","image","1lNHLWQ4d2Pu_S-yGotwE9i0myjLCJHAY"
"flux_best","humans_9","A precise scene of An optometrist with a phoropter discussing eye health with a patient.jpg","image","1u6jIk_vC1TaZbssSbSaH32KWoQv4kpav"
"flux_best","humans_9","A precise scene of An optometrist with a phoropter conducting an eye exam with a patient.jpg","image","1yDa4U1o7ZOi2wefXBg0LvNdNGc9NBjQR"
"flux_best","humans_9","A precise scene of An optometrist with a phoropter examining eye charts in a clinic.jpg","image","1Vblxgd-ZZ5T8raShwJXN6X2fOVOJ6NQn"
"flux_best","humans_9","A precise scene of An optometrist with a phoropter testing vision with an automated device.jpg","image","1OrP9Fc6DZD8Qrv_nbBu8cXr5QwZ1Sqix"
"flux_best","humans_9","A precise scene of An optometrist with a phoropter fitting eyeglasses for a client.jpg","image","1phr3xkltqhuo85AbhMK2hzXRoWpbilAv"
"flux_best","humans_14","A pixel art depiction of An elderly gentleman with distinguished gray hair, a neatly trimmed mustache, and gentle blue eyes in a classic study.jpg","image","1QGuOAVc5jAa1Z2LF1PsT3OoGhHlRSn7j"
"flux_best","humans_14","A pixel art depiction of An elderly gentleman with distinguished gray hair, a neatly trimmed mustache, and gentle blue eyes discussing art at a gallery.jpg","image","1O9KgyBe4BWKGnzhLb2vFC5Tc_bQmefd5"
"flux_best","humans_14","A pixel art depiction of An elderly gentleman with distinguished gray hair, a neatly trimmed mustache, and gentle blue eyes at a vintage car show.jpg","image","17JI4V0OasoYb6tDtgBqddnMBVAo2osch"
"flux_best","humans_14","A pixel art depiction of An elderly gentleman with distinguished gray hair, a neatly trimmed mustache, and gentle blue eyes walking with a cane.jpg","image","1YvQePmgdq3Smz2htMt08gtRvSk3aEgUw"
"flux_best","humans_14","A pixel art depiction of An elderly gentleman with distinguished gray hair, a neatly trimmed mustache, and gentle blue eyes on a golf course.jpg","image","1yAlzafROSoASng3gFUU3ZZHR0WWszHcU"
"flux_best","humans_14","A pixel art depiction of An elderly gentleman with distinguished gray hair, a neatly trimmed mustache, and gentle blue eyes tending to a garden.jpg","image","1Ehj8Wx3ocxUxK5KpOUvl5NFd50s72fwC"
"flux_best","humans_14","A pixel art depiction of An elderly gentleman with distinguished gray hair, a neatly trimmed mustache, and gentle blue eyes wearing a vineyard owner's attire.jpg","image","14ZIYgVbaYQpygY-YYMzisxdTjPWanG56"
"flux_best","humans_14","A pixel art depiction of An elderly gentleman with distinguished gray hair, a neatly trimmed mustache, and gentle blue eyes on a mountain.jpg","image","1BUev-P0kZCncU6mJtCiFK4g7wL2QzBT5"
"flux_best","humans_14","A pixel art depiction of An elderly gentleman with distinguished gray hair, a neatly trimmed mustache, and gentle blue eyes having a leisurely walk.jpg","image","19pkiD3IPvBwyRmvVyG1dY2BXFmtUhWML"
"flux_best","humans_14","A pixel art depiction of An elderly gentleman with distinguished gray hair, a neatly trimmed mustache, and gentle blue eyes enjoying a sunset.jpg","image","1PQ1kmgLsBadgTvicRKkxgmOd-ZztB3Be"
"flux_best","nature_34","A detailed Art Nouveau illustration of A magnificent peacock with iridescent feathers strutting in a garden.jpg","image","1cvpK3Ofw3xwhkxypBaRJPObbnTSDZPEj"
"flux_best","nature_34","A detailed Art Nouveau illustration of A magnificent peacock with iridescent feathers walking a garden path.jpg","image","1Qpfuonape8JZeCOgdt-sqoNbZXiOpUNc"
"flux_best","nature_34","A detailed Art Nouveau illustration of A magnificent peacock with iridescent feathers displaying feathers fully.jpg","image","1r7HzD9yrnkuwK4SvfgcYsuXHcyZ31F84"
"flux_best","nature_34","A detailed Art Nouveau illustration of A magnificent peacock with iridescent feathers under a vine pergola.jpg","image","1pNosp273jWPaZ6hLT7zUfIp1r1re4aZZ"
"flux_best","nature_34","A detailed Art Nouveau illustration of A magnificent peacock with iridescent feathers on an estate lawn.jpg","image","1NrkEG0wdi6vuEoQfqCcx4js5TlKSoE7T"
"flux_best","nature_34","A detailed Art Nouveau illustration of A magnificent peacock with iridescent feathers perched on a wall.jpg","image","1EApWORSMC8_npe7GvioFBIAMRnPtIl1Y"
"flux_best","nature_34","A detailed Art Nouveau illustration of A magnificent peacock with iridescent feathers amid blooming flowers.jpg","image","1xMzAokHRdaqOUYOgtSR0g2sGnf6kpHhu"
"flux_best","inanimate_6","A photo of A sticker of a colorful bird on a decorative pillow.jpg","image","1Q6OJ4F8nf88pV43WaDieZQx9yv5s0-Sr"
"flux_best","inanimate_6","A photo of A sticker of a colorful bird perched on a window sill.jpg","image","1nM8hCIXu36eIUYd8BOyBLWFOeMLyYgvO"
"flux_best","inanimate_6","A photo of A sticker of a colorful bird placed on a beach towel.jpg","image","1fMai-CDSmlIdJpW2-0MBwHVm33Z8Iepv"
"flux_best","inanimate_6","A photo of A sticker of a colorful bird stuck on a travel mug.jpg","image","1xYAc3GORndzmn0qxB2RoNM8sQcBuzDG8"
"flux_best","inanimate_6","A photo of A sticker of a colorful bird decorating a greeting card.jpg","image","1hvLt6BiLttArSNWKLx9ar_T2Ny0UBYUK"
"flux_best","humans_1","A professional scene of A lawyer in a suit reviewing legal documents.jpg","image","1cAceq_BPBdKncbhgDEZ7dzknvn1l98Dg"
"flux_best","humans_1","A professional scene of A lawyer in a suit preparing for a trial.jpg","image","19MY02jcsFGvWsgMyHPszySMu4--YLeKE"
"flux_best","humans_1","A professional scene of A lawyer in a suit defending a client in court.jpg","image","1Ok6vv9Hk0fIEwDfxy2u-lBAo42FDNnM2"
"flux_best","humans_1","A professional scene of A lawyer in a suit negotiating a contract in an office.jpg","image","1k7hjOFBPSgklveIsIVC7UU5_49bA8JA8"
"flux_best","humans_1","A professional scene of A lawyer in a suit advising clients on legal matters.jpg","image","1Z0g8WeDWLGE2FjDocFmXB6jLczezXy7H"
"flux_best","humans_20","A pixel art depiction of a 16 years old girl with wavy chestnut hair, a slender frame, and soft brown eyes dancing in a rainstorm.jpg","image","1n1UqUSjQHxceCmRNFR-uno_QJ2Bn8LmV"
"flux_best","humans_20","A pixel art depiction of a 16 years old girl with wavy chestnut hair, a slender frame, and soft brown eyes practicing yoga.jpg","image","17pD9pw1533ENBJl33IXk9I1Xg9-e4Ma8"
"flux_best","humans_20","A pixel art depiction of a 16 years old girl with wavy chestnut hair, a slender frame, and soft brown eyes wearing a birthday party hat.jpg","image","1nQWWwoyUFvTAurb-YWVqFXAzVBgWtZPp"
"flux_best","humans_20","A pixel art depiction of a 16 years old girl with wavy chestnut hair, a slender frame, and soft brown eyes building a sandcastle.jpg","image","18xISPQ_AWexVsVVs5s9ea5imFWfKRDvr"
"flux_best","humans_20","A pixel art depiction of a 16 years old girl with wavy chestnut hair, a slender frame, and soft brown eyes in a medieval castle courtyard.jpg","image","1aw5IovudaS7OlxsU8sxHbZClQghwIHV_"
"flux_best","humans_20","A pixel art depiction of a 16 years old girl with wavy chestnut hair, a slender frame, and soft brown eyes in a flower garden.jpg","image","13g6YHaZ_hY5ftLwof0z_e4IbE7y6EicO"
"flux_best","humans_20","A pixel art depiction of a 16 years old girl with wavy chestnut hair, a slender frame, and soft brown eyes wearing a ballet dress.jpg","image","1qoJEZ1mJXsppmTz6bQyhD4Btz9BoO0TV"
"flux_best","humans_20","A pixel art depiction of a 16 years old girl with wavy chestnut hair, a slender frame, and soft brown eyes writing in a journal.jpg","image","1vJX2rbmX_f_RVly5xaNmgNV_M19HPcnW"
"flux_best","foods_12","A whimsical illustration of An indulgent ice cream sundae with chocolate syrup, whipped cream, and a cherry on top displayed in a colorful bowl.jpg","image","1_CSwgC85VJatxsp4VhxcVabAqRiBtLut"
"flux_best","foods_12","A whimsical illustration of An indulgent ice cream sundae with chocolate syrup, whipped cream, and a cherry on top prepared for a special treat.jpg","image","1s6KxxlwhQwifKgLAq3E9E9r1IerrPvmO"
"flux_best","foods_12","A whimsical illustration of An indulgent ice cream sundae with chocolate syrup, whipped cream, and a cherry on top paired with a brownie.jpg","image","1IIT_z9y3Wwlykmx_-ZyMdvIGjCjFyF6w"
"flux_best","foods_12","A whimsical illustration of An indulgent ice cream sundae with chocolate syrup, whipped cream, and a cherry on top featured in a children's party.jpg","image","1Er12v6A7yAU4P3OFQY92N2DSuAWJhKdz"
"flux_best","foods_12","A whimsical illustration of An indulgent ice cream sundae with chocolate syrup, whipped cream, and a cherry on top served at a vintage ice cream parlor.jpg","image","1zASXrKu1pi6SteM6grNGvNtB9gAwkxks"
"flux_best","foods_12","A whimsical illustration of An indulgent ice cream sundae with chocolate syrup, whipped cream, and a cherry on top highlighted in a dessert cookbook.jpg","image","1Ec2qjUMFvsoAya3YfHBwtoHB0Up6C7JL"
"flux_best","foods_12","A whimsical illustration of An indulgent ice cream sundae with chocolate syrup, whipped cream, and a cherry on top enjoyed during a summer fair.jpg","image","1EF7Vbzsi5L-rkxEd6ip9M9KE2hXwGA0P"
"flux_best","fantasy_7","A regal and elegant illustration of An elf queen with a jeweled crown speaking with ancient spirits.jpg","image","1yWpNTM0t9-vIzLCYgVJMCDiYsONI8TrM"
"flux_best","fantasy_7","A regal and elegant illustration of An elf queen with a jeweled crown leading her people into battle.jpg","image","1aPgxAodyqUCnizq07NTD-HGEUvIzssW_"
"flux_best","fantasy_7","A regal and elegant illustration of An elf queen with a jeweled crown overseeing the elven kingdom.jpg","image","173ieNRAQI0mIg5KcRaCfX0Jmii6Aj0x7"
"flux_best","fantasy_7","A regal and elegant illustration of An elf queen with a jeweled crown walking through a mystical forest.jpg","image","1XHYZtlAvKEzBeRNIWl6mH3WVadQEc7tt"
"flux_best","fantasy_7","A regal and elegant illustration of An elf queen with a jeweled crown sitting on a crystal throne.jpg","image","1xbNsHOTA3I7r5uo8qE-x7mD4isAv690h"
"flux_best","fantasy_2","A dreamy underwater illustration of A beautiful mermaid with a shimmering tail combing her hair with a shell.jpg","image","1CsxqoXJrv1r0_FdGCo4RCEk5gamfJYpt"
"flux_best","fantasy_2","A dreamy underwater illustration of A beautiful mermaid with a shimmering tail basking on a sunlit rock.jpg","image","1hLvdwcNQ0kXW0-1IachqCow7cJYFfoI0"
"flux_best","fantasy_2","A dreamy underwater illustration of A beautiful mermaid with a shimmering tail playing with colorful fish.jpg","image","1WFU_ns3fhFPbK7ip16WSw--bXXPtlPqk"
"flux_best","fantasy_2","A dreamy underwater illustration of A beautiful mermaid with a shimmering tail singing in an underwater cave.jpg","image","1MyOAJnV6__Jwz_ZZ8rPRBe7FizwjwM4Z"
"flux_best","fantasy_2","A dreamy underwater illustration of A beautiful mermaid with a shimmering tail swimming in a coral reef.jpg","image","1WRJUN25DOnPOKVY7MrUYwXQpd0dXVTJL"
"flux_best","fantasy_4","A terrifying and wild illustration of A werewolf with glowing yellow eyes running on all fours under a starry sky.jpg","image","128frnoMcOcf0WS04P5lWdVao7N4RGYX_"
"flux_best","fantasy_4","A terrifying and wild illustration of A werewolf with glowing yellow eyes transforming in the light of the moon.jpg","image","1eoPFL8vvcwfgqiL9wv6BMmWggKqjDRww"
"flux_best","fantasy_4","A terrifying and wild illustration of A werewolf with glowing yellow eyes prowling through a misty forest.jpg","image","1tlWzXHGkZb7GMSWu5O0CFH37K6RYtrg6"
"flux_best","fantasy_4","A terrifying and wild illustration of A werewolf with glowing yellow eyes hunting in the dark woods.jpg","image","1F_m-PilPudzVM2g_GSodKHUxuAbn5xFC"
"flux_best","fantasy_4","A terrifying and wild illustration of A werewolf with glowing yellow eyes howling at the full moon.jpg","image","1N5qZXvjLDD1FPUF0f877o1ijPqkcEOx1"
"flux_best","fantasy_14","A watercolor illustration of A fairy wearing a crown of twigs.jpg","image","1N5lIQ9ObjGccXCV8kux-QnoOVx8xt_8O"
"flux_best","fantasy_14","A watercolor illustration of A fairy dancing in moonlight.jpg","image","18z59jYukVY4t0QijcxT5HkzoMHbmq0lb"
"flux_best","fantasy_14","A watercolor illustration of A fairy sitting on a mushroom.jpg","image","1jHTZVevGjYAlm57aS0FHQ4JtsQcbjYLV"
"flux_best","fantasy_14","A watercolor illustration of A fairy frolicking in the air.jpg","image","1XbF6htyoxb0bQBS52A7yuBTXcCDu8OQ3"
"flux_best","fantasy_14","A watercolor illustration of A fairy near a shimmering brook.jpg","image","1cfj_sZOzJOU-hMikNxcT8Bwc6Kjhf99P"
"flux_best","fantasy_14","A watercolor illustration of A fairy wearing gossamer wings.jpg","image","1fGeBoKH_tT68FUbe2O9z5qWsMSZ4q1PP"
"flux_best","fantasy_14","A watercolor illustration of A fairy in an enchanted forest.jpg","image","1o4xa2q1w2an8-6tLtCK6UoHegijn-ylC"
"flux_best","fantasy_1","A heroic nature illustration of A centaur with the body of a horse and the torso of a warrior galloping through a forest trail.jpg","image","1tMcOopwCBdxqTGhTNNqp7SBB4EgpIWia"
"flux_best","fantasy_1","A heroic nature illustration of A centaur with the body of a horse and the torso of a warrior running through an open meadow.jpg","image","1cNPAjcT79VlPWZ1Ky-SglQ_29GoU3e8g"
"flux_best","fantasy_1","A heroic nature illustration of A centaur with the body of a horse and the torso of a warrior playing a tune on a flute.jpg","image","1I_oC0I0HsuglO42eOnmXVodP9H2QyH-m"
"flux_best","fantasy_1","A heroic nature illustration of A centaur with the body of a horse and the torso of a warrior practicing swordsmanship in a field.jpg","image","1KYz9H1jqVh9RFYXovh1FrPq63hTmJanR"
"flux_best","fantasy_1","A heroic nature illustration of A centaur with the body of a horse and the torso of a warrior sitting by a campfire at night.jpg","image","1alxLgIGQMfbZMXL0pN0oWnbUhIRs2nCq"
"flux_best","fairy_tales_38","A cozy illustration of A friendly gnome creating magical trinkets for travelers.jpg","image","1RyD6wpnKFabYYz_v_dUsFfJN5IfQD7gp"
"flux_best","fairy_tales_38","A cozy illustration of A friendly gnome guarding the entrance to a secret cave.jpg","image","1uYTXljr6c_w3TVhXVUvr0lth8P3-5Pan"
"flux_best","fairy_tales_38","A cozy illustration of A friendly gnome tinkering in an underground workshop.jpg","image","1gBj7ko2617TUqarUAWsFJ2Q5gTL8R4Z5"
"flux_best","fairy_tales_38","A cozy illustration of A friendly gnome working in a lush garden.jpg","image","1q2jkYE1C8o0AKHb8RXZp3OJAH64T_u7r"
"flux_best","fairy_tales_38","A cozy illustration of A friendly gnome sitting on a mushroom with a pipe.jpg","image","1rP7kovJgmmjAtXxUffc6l-QXnyKAAN3L"
"flux_best","fantasy_13","A dark and menacing depiction of A hulking troll with a fearsome appearance guarding a bridge in the woods.jpg","image","19ZKs6HhWwfy0IK-0-KSCA8eYF90VEJwc"
"flux_best","fantasy_13","A dark and menacing depiction of A hulking troll with a fearsome appearance growling in the moonlight.jpg","image","1x1xMl3HtVqy8KKZL7dhoP2gk83fIlyHD"
"flux_best","fantasy_13","A dark and menacing depiction of A hulking troll with a fearsome appearance chasing intruders from a cave.jpg","image","1jggvIjVTYC7usTmHwqWJiQ-2FHONw0Fr"
"flux_best","fantasy_13","A dark and menacing depiction of A hulking troll with a fearsome appearance sitting on a mossy boulder.jpg","image","1bDTXCvhvRQKKWfM5ZBbrNd25SAaSExMO"
"flux_best","fantasy_13","A dark and menacing depiction of A hulking troll with a fearsome appearance clutching a massive club.jpg","image","1wgUhQxvkDIJhQ3jOXMpE5YJRd8fMMl5M"
"flux_best","fantasy_11","A captivating fantasy portrait of A powerful sorceress in elegant robes chanting in a stone circle.jpg","image","1Sr0XBWsdjoN6X8VYCSNuCwXZmn_tp2F-"
"flux_best","fantasy_11","A captivating fantasy portrait of A powerful sorceress in elegant robes surrounded by enchanted flames.jpg","image","1PxEbT3PlAXL9vMgsuV2YFm7NKsDWdMgt"
"flux_best","fantasy_11","A captivating fantasy portrait of A powerful sorceress in elegant robes standing by a bubbling cauldron.jpg","image","1_GbkdDu_12nECR_FgtFJ5adh1pBHwVkc"
"flux_best","fantasy_11","A captivating fantasy portrait of A powerful sorceress in elegant robes reading from an ancient tome.jpg","image","1JgFZ-_rij_L7usEmGUpUYDhJWDBBQMFJ"
"flux_best","fantasy_11","A captivating fantasy portrait of A powerful sorceress in elegant robes conjuring a glowing orb.jpg","image","1vVUjTMmaTSrzgnUTodnUf0p3u2mfGCIw"
"flux_best","fairy_tales_30","A peaceful sketch of A playful faun sitting by a fire telling stories.jpg","image","1AnxfK3gOlWbG0OdgNvfuOrRl5an4TJIR"
"flux_best","fairy_tales_30","A peaceful sketch of A playful faun dancing in a circle of mushrooms.jpg","image","1M6bZaF05p4JyUELjKiu-rabpD74LCHsU"
"flux_best","fairy_tales_30","A peaceful sketch of A playful faun guiding travelers through a magical forest.jpg","image","1gYcPala3xCBRc6FvJS5RjhRaeQ_QO4dz"
"flux_best","fairy_tales_30","A peaceful sketch of A playful faun playing a flute by a bubbling stream.jpg","image","1a7gO8on4soZWgG9Ceci3uPrRUlx3G8Em"
"flux_best","fairy_tales_30","A peaceful sketch of A playful faun leading a procession of woodland creatures.jpg","image","1_XiCe70Uf0yKMqW3z1qBx3Ezr6b0JDu6"
"flux_best","fairy_tales_17","A robust painting of A sturdy dwarf with a thick beard mining for gems in a glittering cave.jpg","image","1wjujOhXLqeqJnVl1u3F6OeqrDQQTm0dS"
"flux_best","fairy_tales_17","A robust painting of A sturdy dwarf with a thick beard drinking ale in a bustling tavern.jpg","image","13BP5Ar9Wfe9d9M8iM7ivKPIPAcKsJZnI"
"flux_best","fairy_tales_17","A robust painting of A sturdy dwarf with a thick beard exploring a network of underground tunnels.jpg","image","1C_gvXEISOtbPqvb6gB5X49RikX97Gjh9"
"flux_best","fairy_tales_17","A robust painting of A sturdy dwarf with a thick beard carving runes into stone tablets.jpg","image","1ZLtbgnZ1FpA6hpn2JQQ-5gsjw9SVkG21"
"flux_best","fairy_tales_17","A robust painting of A sturdy dwarf with a thick beard resting by a roaring fireplace.jpg","image","1Sk9C37R8VW6z0HWJ7FnIYpcN3NssWdzO"
"flux_best","fairy_tales_17","A robust painting of A sturdy dwarf with a thick beard climbing a steep mountain path.jpg","image","1PjVRMujshYMQr2l1pRmUCA71yBKTMEs-"
"flux_best","fairy_tales_17","A robust painting of A sturdy dwarf with a thick beard gathering herbs in a forest clearing.jpg","image","1-iq1y79aEoZq5BOU1YjWA7xvwUxIo2fe"
"flux_best","fairy_tales_17","A robust painting of A sturdy dwarf with a thick beard crafting weapons at a forge.jpg","image","1JYE_fojR69IJ7DRvvI2b804-W5Hr5AIi"
"flux_best","fairy_tales_19","A mysterious painting of A cunning witch with a pointy hat preparing charms in a cluttered cottage.jpg","image","1SqXEH6d47rcd0C_4kk3YzWWGTDfLMCQq"
"flux_best","fairy_tales_19","A mysterious painting of A cunning witch with a pointy hat consulting an ancient grimoire by candlelight.jpg","image","18khkjRNxKoE4D16Jdz80rq0vejPmtY9p"
"flux_best","fairy_tales_19","A mysterious painting of A cunning witch with a pointy hat watching over a bubbling potion in a misty cave.jpg","image","1CJ7fP1j8f94QAGOaEiQ-FJsJQynp6wCq"
"flux_best","fairy_tales_19","A mysterious painting of A cunning witch with a pointy hat in a shadowy glade surrounded by glowing eyes.jpg","image","1qGQghM05x_mYrwCjtBxvUfwB-ixCG3mq"
"flux_best","fairy_tales_19","A mysterious painting of A cunning witch with a pointy hat casting a spell in a dark, enchanted forest.jpg","image","15ReMyH9HPk7SSpTX2AfCaPUxFgGNhj7J"
"flux_best","fairy_tales_19","A mysterious painting of A cunning witch with a pointy hat flying on a broomstick under a full moon.jpg","image","1dj_WN-V1CQ1yaHPZhDJkVnhC367ooqXI"
"flux_best","fairy_tales_19","A mysterious painting of A cunning witch with a pointy hat brewing a potion in a bubbling cauldron.jpg","image","1mZ7av2fYJlv57_sqsw_wr_tC2ZjT3cma"
"flux_best","fairy_tales_12","A majestic painting of A majestic griffin with golden feathers soaring over a sprawling desert.jpg","image","1x8fRmaJpNFE2yleD-WvBnSHMMiQlGCPX"
"flux_best","fairy_tales_12","A majestic painting of A majestic griffin with golden feathers hunting in a dense forest.jpg","image","1kWtcIAyUW8g_eIry-HiBPO0MYkZN_PsX"
"flux_best","fairy_tales_12","A majestic painting of A majestic griffin with golden feathers resting on a rocky outcrop at sunset.jpg","image","1O1Zb7wFpr9FiCLFPdNCbdrhokr6oHkPQ"
"flux_best","fairy_tales_12","A majestic painting of A majestic griffin with golden feathers perched on a high cliff watching the horizon.jpg","image","11kObcsoXGgQ_1rh1Ol5IonrHRgp6Btl8"
"flux_best","fairy_tales_12","A majestic painting of A majestic griffin with golden feathers gliding through the clouds in a clear sky.jpg","image","1wGwnFjDh9-pbcuFcNifF-raKvzrtq6hI"
"flux_best","fairy_tales_12","A majestic painting of A majestic griffin with golden feathers standing guard over a hidden treasure.jpg","image","1lh4WpGr0MUcuFgH_wCsrX94vg_rShCWJ"
"flux_best","fairy_tales_12","A majestic painting of A majestic griffin with golden feathers flying above a lush green valley.jpg","image","1AHmkyQuSa8ZeHFT50yvmrgfmrp0aFSWi"
"flux_best","fairy_tales_10","A whimsical painting of A delicate fairy with translucent wings sitting on a mushroom in a magical forest.jpg","image","1auzvofVggT6fqBuHbE0-AWg08ZlABkqj"
"flux_best","fairy_tales_10","A whimsical painting of A delicate fairy with translucent wings playing with fireflies at dusk.jpg","image","1KoQCqdv5-7Sn3T-QAC8uu4R7P1kXyzRY"
"flux_best","fairy_tales_10","A whimsical painting of A delicate fairy with translucent wings hovering over a moonlit pond.jpg","image","1JLJ1izrTrmGkiSc7e3HZUMFPzCu0De_Y"
"flux_best","fairy_tales_10","A whimsical painting of A delicate fairy with translucent wings weaving through a field of wildflowers.jpg","image","1RvewKZYLCiWLpoSVekFA-c3kLEJhCMda"
"flux_best","fairy_tales_10","A whimsical painting of A delicate fairy with translucent wings dancing on the petals of a giant flower.jpg","image","1rWV1IBVzL4DpBNW5X4zvEQWe8VicxfC8"
"flux_best","fairy_tales_10","A whimsical painting of A delicate fairy with translucent wings spreading fairy dust over a sleeping village.jpg","image","1BXmbaHLtCfJGv3pjY9Htan67rVAKyvNa"
"flux_best","fairy_tales_10","A whimsical painting of A delicate fairy with translucent wings hiding in the hollow of an ancient tree.jpg","image","1TRNVaRzFUk_n4tc7yYpOPgchhdFBLB79"
"flux_best","fairy_tales_11","A mystical illustration of A wise wizard with a long, flowing beard standing before a magical portal in the forest.jpg","image","1lG_PGFQMY43sOHiFOXkPbQ8_1HgML07C"
"flux_best","fairy_tales_11","A mystical illustration of A wise wizard with a long, flowing beard casting a spell by the light of a full moon.jpg","image","1yCLBDblBqdLPZoUOxN6fxT2kILxMrR88"
"flux_best","fairy_tales_11","A mystical illustration of A wise wizard with a long, flowing beard summoning a storm over a mountain peak.jpg","image","1PIsYosfqRcWXB7K7heDfu-V2KuIU22Vy"
"flux_best","fairy_tales_11","A mystical illustration of A wise wizard with a long, flowing beard consulting a crystal ball.jpg","image","1fBX65FAhZhQ1l29MDcNmzNiz8reLDBMD"
"flux_best","fairy_tales_11","A mystical illustration of A wise wizard with a long, flowing beard writing runes in a dusty spellbook.jpg","image","1OgOvFl0iXLSYsvfpY3Fc6JlcicNhfa_K"
"flux_best","fairy_tales_11","A mystical illustration of A wise wizard with a long, flowing beard mixing potions in a dimly lit chamber.jpg","image","1gn8jUYhV2GXHTM2_9jc2QtWqYedc5jVf"
"flux_best","fairy_tales_11","A mystical illustration of A wise wizard with a long, flowing beard in a tower filled with ancient tomes and artifacts.jpg","image","1HifjwOozmfSm3XH5aXeraDjc-X6EOX4a"
"flux_best","animals_9","A 3D animation of A black and white dog with yellow collar in a snowy backyard.jpg","image","192foCo8suH8g1hQ3pDTj7dd6Z6bl3Zh7"
"flux_best","animals_9","A 3D animation of A black and white dog with yellow collar wearing a bandana.jpg","image","1GXhloHq4X3KLBwOs4LK7-Balyq_As_BJ"
"flux_best","animals_9","A 3D animation of A black and white dog with yellow collar on a beach.jpg","image","1JFP_wnwla76ErVVm73XLK8eMKV85gg-5"
"flux_best","animals_9","A 3D animation of A black and white dog with yellow collar barking at a squirrel.jpg","image","1oF05_4pUd4SP8e1ysztrZahfGdAgK_X2"
"flux_best","animals_9","A 3D animation of A black and white dog with yellow collar playing with a toy.jpg","image","1TkT6woMmaNx3dY6X40lNWWJXTLb5Jzi9"
"flux_best","animals_9","A 3D animation of A black and white dog with yellow collar at a veterinarian's office.jpg","image","1piufVGnleJiTMidFmALbDKWYnkq9D-rV"
"flux_best","animals_9","A 3D animation of A black and white dog with yellow collar in a city alley.jpg","image","1k9xrFZoX-lr_sUeBnb_21seQV2bLv5kl"
"flux_best","fairy_tales_0","A magical drawing of A delicate fairy with sparkling wings sprinkling pixie dust in the air.jpg","image","1MhC5XXTC2_wNT2xNYRrIT4Bs5Ce3XJ58"
"flux_best","fairy_tales_0","A magical drawing of A delicate fairy with sparkling wings hiding inside a blooming flower.jpg","image","1uvERxWBF3jJowXQCcXRp5Yut3eQLof6t"
"flux_best","fairy_tales_0","A magical drawing of A delicate fairy with sparkling wings fluttering among glowing fireflies.jpg","image","1gFhy6RbAtfW5ceT_NoP8SJUVhiwEzR5T"
"flux_best","fairy_tales_0","A magical drawing of A delicate fairy with sparkling wings weaving spells under an ancient tree.jpg","image","19ipVR9KfIIYtWdozY2EEvZYv8S_TEEvn"
"flux_best","fairy_tales_0","A magical drawing of A delicate fairy with sparkling wings guiding travelers with a magical lantern.jpg","image","1Ov6CxRVY4OHMhKfoIO57n4zgDmH2qX4L"
"flux_best","animals_7","A hyper-realistic digital painting of A dog chasing a frisbee.jpg","image","1XVORsbEn9SyPBGGaxZCdhlrTKNQYEHdb"
"flux_best","animals_7","A hyper-realistic digital painting of A dog sleeping on a couch.jpg","image","1nwAyaKd9WvfJy8tnHaQNUnB_A7jxvgIq"
"flux_best","animals_7","A hyper-realistic digital painting of A dog at a veterinarian's office.jpg","image","1O89PzyzQ_Z2KHlnBu6P-C6YGltivO0Ik"
"flux_best","animals_7","A hyper-realistic digital painting of A dog jumping over a puddle.jpg","image","1d38qGUq9e7AYh7cdPGsm_0zpK0odmb-f"
"flux_best","animals_7","A hyper-realistic digital painting of A dog in a city alley.jpg","image","1eYEs_bndKSkYyPF7lCPtZ-SUtsbpKxHC"
"flux_best","animals_7","A hyper-realistic digital painting of A dog dressed in a raincoat.jpg","image","1p9DgOkXeLC7HOwqlmeiw_DXxkDxUuzlr"
"flux_best","animals_7","A hyper-realistic digital painting of A dog running on a beach.jpg","image","1Ka8gma-QKEuIXjy33lIfHcohHhbuAPdq"
"flux_best","animals_7","A hyper-realistic digital painting of A dog playing in a park.jpg","image","16WO7DrURJLSfIKPpy9SHKe8wpud4OWGD"
"flux_best","animals_14","A puppy in a grassy yard.jpg","image","1Od94DomZZvZv1pPjHhdn4KnQ9ThYKkBb"
"flux_best","animals_14","A puppy wearing a life vest.jpg","image","1PkpaRY_qgvWZmLTi837t2R3yoWmHGnwC"
"flux_best","animals_14","A puppy dressed in a bandana.jpg","image","1Rof6bAXNL4Oh-M2iSBiFbY5Adm0wWgF4"
"flux_best","animals_14","A puppy wearing a training harness.jpg","image","1RncvYsytUTwpSafXb7Rz_wpJnvSckKd0"
"flux_best","animals_14","A puppy in a pet store.jpg","image","11VeFRnz1Z8Wc3q1NpKiKUs43EFVCb-2y"
"flux_best","fairy_tales_1","A dreamy illustration of A beautiful princess with a kind smile walking in a garden of enchanted roses.jpg","image","12cwHNM1cReoyGac3_pc1pOLc2IhwaXwd"
"flux_best","fairy_tales_1","A dreamy illustration of A beautiful princess with a kind smile singing to woodland animals in a forest.jpg","image","1fhih-JzyVIxzQv3xatKA7byOFaw_yveY"
"flux_best","fairy_tales_1","A dreamy illustration of A beautiful princess with a kind smile gazing at the stars from a castle balcony.jpg","image","1N0dxTpVgjuDzthlfldChc9jscAZfWKbV"
"flux_best","fairy_tales_1","A dreamy illustration of A beautiful princess with a kind smile wearing a shimmering gown at a royal ball.jpg","image","1hnbMHnMCbQFu4iEIbOoAyP9OXvHANg_0"
"flux_best","fairy_tales_1","A dreamy illustration of A beautiful princess with a kind smile seeking wisdom from an old magical mirror.jpg","image","1Uto3E255afZP1pi8B3d2IM9MDYOwwIvL"
"flux_best","animals_13","A watercolor illustration of A cute kitten with sleek, cream-colored fur and striking blue eyes dressed in a superhero cape.jpg","image","1Q2Bnqxe1204eAgV0PTcDViF7_rLDrDJS"
"flux_best","animals_13","A watercolor illustration of A cute kitten with sleek, cream-colored fur and striking blue eyes running through a field.jpg","image","1t3YU5Y2BXTfPWazdS70aAaAPL4RGbOAo"
"flux_best","animals_13","A watercolor illustration of A cute kitten with sleek, cream-colored fur and striking blue eyes playing with a toy.jpg","image","1OHRJG5i0PVWFq-3Kdgms0Tn7Q9WLgzw6"
"flux_best","animals_13","A watercolor illustration of A cute kitten with sleek, cream-colored fur and striking blue eyes wearing a collar with a bell.jpg","image","1Ctn3m1m10amxIfexMtVXGMZoPSNsF-Dw"
"flux_best","animals_13","A watercolor illustration of A cute kitten with sleek, cream-colored fur and striking blue eyes in a garden.jpg","image","1tNkYdXd0INFKeH4uEzHEmvkXDMmtOA0O"
"flux_best","animals_13","A watercolor illustration of A cute kitten with sleek, cream-colored fur and striking blue eyes sitting in a basket.jpg","image","1aiOVQsSsNuGCy9EWnyqCUAErCxqo0mwt"
"flux_best","animals_13","A watercolor illustration of A cute kitten with sleek, cream-colored fur and striking blue eyes dressed in a cute sweater.jpg","image","1exKLmbkROR4hR0v-c09TTUuiHw2Nw1BE"
"flux_best","animals_0","A fiery and majestic illustration of A phoenix with bright orange feathers soaring through a glowing sky.jpg","image","1uLcxZzZoNeSZHHGpNrWgtpxEuAAKWNxA"
"flux_best","animals_0","A fiery and majestic illustration of A phoenix with bright orange feathers igniting flames with its wings.jpg","image","1mvmbzVkmll1Z6XowE7xx07_Xgizv8NNi"
"flux_best","animals_0","A fiery and majestic illustration of A phoenix with bright orange feathers singing a haunting melody.jpg","image","1ieUzINCnpDzPTMyXQ42mvvOHhJNbQYfe"
"flux_best","animals_0","A fiery and majestic illustration of A phoenix with bright orange feathers rising from a fiery ashes.jpg","image","1312asyROy0k931sSsU4v6YFt-zPijR32"
"flux_best","animals_0","A fiery and majestic illustration of A phoenix with bright orange feathers perching on a mountain peak.jpg","image","1f75qWbsM4_kHGCMWBk-1E13tvrGKsNyz"
